{
    "flower": "tag:forge:storage_blocks/allthemodium",
    "maxTimeInHive": 4800,
    "traits": ["nether"],
    "hasHoneycomb": true,
    "baseLayerTexture": "modium/modium_bee",
    "ColorData": {
        "primaryColor": "#FCC50C",
        "secondaryColor": "#FCC50C",
        "honeycombColor": "#FCC50C",
        "primaryLayerTexture": "empty_layer",
        "secondaryLayerTexture": "empty_layer",
        "emissiveLayerTexture": "empty_layer",
        "isBeeColored": false,
        "isRainbowBee": false,
        "isGlowing": false,
        "glowColor": "#FCC50C",
        "isEnchanted": true,
        "glowingPulse": 0,
        "modelType": "ORE"
    },
    "CombatData": {
        "isPassive": true,
        "removeStingerOnAttack": true,
        "inflictsPoison": true,
        "attackDamage": 1
    },
    "MutationData": {
        "hasMutation": true,
        "mutationCount": 1,
        "mutations": [{
                "type": "BLOCK_TO_ITEM",
                "inputID": "resourcefulbees:allthemodium_honeycomb_block",
                "outputs": [{
                        "outputID": "allthemodium:allthemodium_nugget",
                        "weight": 80
                    },
                    {
                        "outputID": "resourcefulbees:allthemodium_bee_spawn_egg",
                        "weight": 20
                    }
                ]
            },
            {
                "type": "BLOCK_TO_ITEM",
                "inputID": "tag:forge:storage_blocks/vibranium",
                "outputs": [{
                        "outputID": "minecraft:cobblestone",
                        "weight": 80
                    },
                    {
                        "outputID": "resourcefulbees:vibranium_bee_spawn_egg",
                        "weight": 20
                    }
                ]
            }
        ]
    },
    "CentrifugeData": {
        "hasCentrifugeOutput": true,
        "mainInputCount": 4,
        "mainOutput": "allthemodium:allthemodium_nugget",
        "mainOutputWeight": 0.02,
        "mainOutputCount": 1,
        "mainNBTData": {},
        "secondaryOutput": "resourcefulbees:wax",
        "secondaryOutputWeight": 0.20,
        "secondaryOutputCount": 1,
        "secondaryNBTData": {},
        "bottleOutput": "minecraft:honey_bottle",
        "bottleOutputWeight": 0.25,
        "bottleOutputCount": 1,
        "bottleNBTData": {},
        "recipeTime": 200,
        "hasFluidOutput": false
    },
    "SpawnData": {
        "canSpawnInWorld": false,
        "biomeWhitelist": "",
        "biomeBlacklist": "",
        "spawnWeight": 2,
        "minYLevel": 0,
        "maxYLevel": 255,
        "minGroupSize": 1,
        "maxGroupSize": 3,
        "lightLevel": "ANY"
    },
    "BreedData": {
        "isBreedable": false,
        "parent1": "Quartz",
        "parent2": "Rocky",
        "breedWeight": 10,
        "breedChance": 0.6,
        "feedItem": "tag:forge:storage_blocks/allthemodium",
        "feedAmount": 5,
        "childGrowthDelay": -24000,
        "breedDelay": 6000
    },
    "TraitData": {
        "hasTraits": false
    }
}